{
  "f1": 0.7684729064039408,
  "roc_auc": 0.9578930566640064,
  "best_threshold": 0.2306122448979592
}