{
  "pr_auc": 0.2783906287844469,
  "best_f1": 0.3076923076923077,
  "best_threshold": 0.5466834170854271
}