store_id,item_id,abs_error
store_2,item_9,3.2160757280343155
store_0,item_3,3.0429044298941954
store_1,item_8,2.9738318086892708
store_0,item_4,2.9736785642170713
store_0,item_7,2.9442199087763754
store_4,item_2,2.924877593938855
store_2,item_8,2.9155594741519555
store_3,item_7,2.8605011855566254
store_2,item_5,2.85674743064048
store_4,item_3,2.8544729250519096
