product_name,similarity_score
Sports Sandals,0.15646994899636824
Business Laptop,0.11936012688879075
Casual Sneakers,0.11624018810279459
