movie,score
Movie_D,6.765760453871052
Movie_B,3.4331479016808277
Movie_E,2.597621667330656
