cluster,recency,frequency,monetary,persona
0,75.3953488372093,12.162790697674419,409.5348837209302,Lower-engagement customers
1,37.101694915254235,6.186440677966102,756.3898305084746,Lower-engagement customers
2,27.254545454545454,18.345454545454544,429.5090909090909,Lower-engagement customers
